<application>
  <component name="ProjectJdkTable">
    <jdk version="2">
      <name value="azul-11" />
      <type value="JavaSDK" />
      <version value="java version &quot;11.0.13&quot;" />
      <homePath value="$USER_HOME$/Library/Java/JavaVirtualMachines/azul-11.0.13/Contents/Home" />
      <roots>
        <annotationsPath>
          <root type="composite">
            <root url="jar://$APPLICATION_HOME_DIR$/plugins/java/lib/jdkAnnotations.jar!/" type="simple" />
          </root>
        </annotationsPath>
        <classPath>
          <root type="composite">
            <root url="jrt:///Users/jorakuten/Library/Java/JavaVirtualMachines/azul-11.0.13/Contents/Home!/java.base" type="simple" />
            <root url="jrt:///Users/jorakuten/Library/Java/JavaVirtualMachines/azul-11.0.13/Contents/Home!/java.compiler" type="simple" />
            <root url="jrt:///Users/jorakuten/Library/Java/JavaVirtualMachines/azul-11.0.13/Contents/Home!/java.datatransfer" type="simple" />
            <root url="jrt:///Users/jorakuten/Library/Java/JavaVirtualMachines/azul-11.0.13/Contents/Home!/java.desktop" type="simple" />
            <root url="jrt:///Users/jorakuten/Library/Java/JavaVirtualMachines/azul-11.0.13/Contents/Home!/java.instrument" type="simple" />
            <root url="jrt:///Users/jorakuten/Library/Java/JavaVirtualMachines/azul-11.0.13/Contents/Home!/java.logging" type="simple" />
            <root url="jrt:///Users/jorakuten/Library/Java/JavaVirtualMachines/azul-11.0.13/Contents/Home!/java.management" type="simple" />
            <root url="jrt:///Users/jorakuten/Library/Java/JavaVirtualMachines/azul-11.0.13/Contents/Home!/java.management.rmi" type="simple" />
            <root url="jrt:///Users/jorakuten/Library/Java/JavaVirtualMachines/azul-11.0.13/Contents/Home!/java.naming" type="simple" />
            <root url="jrt:///Users/jorakuten/Library/Java/JavaVirtualMachines/azul-11.0.13/Contents/Home!/java.net.http" type="simple" />
            <root url="jrt:///Users/jorakuten/Library/Java/JavaVirtualMachines/azul-11.0.13/Contents/Home!/java.prefs" type="simple" />
            <root url="jrt:///Users/jorakuten/Library/Java/JavaVirtualMachines/azul-11.0.13/Contents/Home!/java.rmi" type="simple" />
            <root url="jrt:///Users/jorakuten/Library/Java/JavaVirtualMachines/azul-11.0.13/Contents/Home!/java.scripting" type="simple" />
            <root url="jrt:///Users/jorakuten/Library/Java/JavaVirtualMachines/azul-11.0.13/Contents/Home!/java.se" type="simple" />
            <root url="jrt:///Users/jorakuten/Library/Java/JavaVirtualMachines/azul-11.0.13/Contents/Home!/java.security.jgss" type="simple" />
            <root url="jrt:///Users/jorakuten/Library/Java/JavaVirtualMachines/azul-11.0.13/Contents/Home!/java.security.sasl" type="simple" />
            <root url="jrt:///Users/jorakuten/Library/Java/JavaVirtualMachines/azul-11.0.13/Contents/Home!/java.smartcardio" type="simple" />
            <root url="jrt:///Users/jorakuten/Library/Java/JavaVirtualMachines/azul-11.0.13/Contents/Home!/java.sql" type="simple" />
            <root url="jrt:///Users/jorakuten/Library/Java/JavaVirtualMachines/azul-11.0.13/Contents/Home!/java.sql.rowset" type="simple" />
            <root url="jrt:///Users/jorakuten/Library/Java/JavaVirtualMachines/azul-11.0.13/Contents/Home!/java.transaction.xa" type="simple" />
            <root url="jrt:///Users/jorakuten/Library/Java/JavaVirtualMachines/azul-11.0.13/Contents/Home!/java.xml" type="simple" />
            <root url="jrt:///Users/jorakuten/Library/Java/JavaVirtualMachines/azul-11.0.13/Contents/Home!/java.xml.crypto" type="simple" />
            <root url="jrt:///Users/jorakuten/Library/Java/JavaVirtualMachines/azul-11.0.13/Contents/Home!/jdk.accessibility" type="simple" />
            <root url="jrt:///Users/jorakuten/Library/Java/JavaVirtualMachines/azul-11.0.13/Contents/Home!/jdk.attach" type="simple" />
            <root url="jrt:///Users/jorakuten/Library/Java/JavaVirtualMachines/azul-11.0.13/Contents/Home!/jdk.charsets" type="simple" />
            <root url="jrt:///Users/jorakuten/Library/Java/JavaVirtualMachines/azul-11.0.13/Contents/Home!/jdk.compiler" type="simple" />
            <root url="jrt:///Users/jorakuten/Library/Java/JavaVirtualMachines/azul-11.0.13/Contents/Home!/jdk.crypto.cryptoki" type="simple" />
            <root url="jrt:///Users/jorakuten/Library/Java/JavaVirtualMachines/azul-11.0.13/Contents/Home!/jdk.crypto.ec" type="simple" />
            <root url="jrt:///Users/jorakuten/Library/Java/JavaVirtualMachines/azul-11.0.13/Contents/Home!/jdk.dynalink" type="simple" />
            <root url="jrt:///Users/jorakuten/Library/Java/JavaVirtualMachines/azul-11.0.13/Contents/Home!/jdk.editpad" type="simple" />
            <root url="jrt:///Users/jorakuten/Library/Java/JavaVirtualMachines/azul-11.0.13/Contents/Home!/jdk.hotspot.agent" type="simple" />
            <root url="jrt:///Users/jorakuten/Library/Java/JavaVirtualMachines/azul-11.0.13/Contents/Home!/jdk.httpserver" type="simple" />
            <root url="jrt:///Users/jorakuten/Library/Java/JavaVirtualMachines/azul-11.0.13/Contents/Home!/jdk.internal.ed" type="simple" />
            <root url="jrt:///Users/jorakuten/Library/Java/JavaVirtualMachines/azul-11.0.13/Contents/Home!/jdk.internal.jvmstat" type="simple" />
            <root url="jrt:///Users/jorakuten/Library/Java/JavaVirtualMachines/azul-11.0.13/Contents/Home!/jdk.internal.le" type="simple" />
            <root url="jrt:///Users/jorakuten/Library/Java/JavaVirtualMachines/azul-11.0.13/Contents/Home!/jdk.internal.opt" type="simple" />
            <root url="jrt:///Users/jorakuten/Library/Java/JavaVirtualMachines/azul-11.0.13/Contents/Home!/jdk.internal.vm.ci" type="simple" />
            <root url="jrt:///Users/jorakuten/Library/Java/JavaVirtualMachines/azul-11.0.13/Contents/Home!/jdk.jartool" type="simple" />
            <root url="jrt:///Users/jorakuten/Library/Java/JavaVirtualMachines/azul-11.0.13/Contents/Home!/jdk.javadoc" type="simple" />
            <root url="jrt:///Users/jorakuten/Library/Java/JavaVirtualMachines/azul-11.0.13/Contents/Home!/jdk.jcmd" type="simple" />
            <root url="jrt:///Users/jorakuten/Library/Java/JavaVirtualMachines/azul-11.0.13/Contents/Home!/jdk.jconsole" type="simple" />
            <root url="jrt:///Users/jorakuten/Library/Java/JavaVirtualMachines/azul-11.0.13/Contents/Home!/jdk.jdeps" type="simple" />
            <root url="jrt:///Users/jorakuten/Library/Java/JavaVirtualMachines/azul-11.0.13/Contents/Home!/jdk.jdi" type="simple" />
            <root url="jrt:///Users/jorakuten/Library/Java/JavaVirtualMachines/azul-11.0.13/Contents/Home!/jdk.jdwp.agent" type="simple" />
            <root url="jrt:///Users/jorakuten/Library/Java/JavaVirtualMachines/azul-11.0.13/Contents/Home!/jdk.jfr" type="simple" />
            <root url="jrt:///Users/jorakuten/Library/Java/JavaVirtualMachines/azul-11.0.13/Contents/Home!/jdk.jlink" type="simple" />
            <root url="jrt:///Users/jorakuten/Library/Java/JavaVirtualMachines/azul-11.0.13/Contents/Home!/jdk.jshell" type="simple" />
            <root url="jrt:///Users/jorakuten/Library/Java/JavaVirtualMachines/azul-11.0.13/Contents/Home!/jdk.jsobject" type="simple" />
            <root url="jrt:///Users/jorakuten/Library/Java/JavaVirtualMachines/azul-11.0.13/Contents/Home!/jdk.jstatd" type="simple" />
            <root url="jrt:///Users/jorakuten/Library/Java/JavaVirtualMachines/azul-11.0.13/Contents/Home!/jdk.localedata" type="simple" />
            <root url="jrt:///Users/jorakuten/Library/Java/JavaVirtualMachines/azul-11.0.13/Contents/Home!/jdk.management" type="simple" />
            <root url="jrt:///Users/jorakuten/Library/Java/JavaVirtualMachines/azul-11.0.13/Contents/Home!/jdk.management.agent" type="simple" />
            <root url="jrt:///Users/jorakuten/Library/Java/JavaVirtualMachines/azul-11.0.13/Contents/Home!/jdk.management.jfr" type="simple" />
            <root url="jrt:///Users/jorakuten/Library/Java/JavaVirtualMachines/azul-11.0.13/Contents/Home!/jdk.naming.dns" type="simple" />
            <root url="jrt:///Users/jorakuten/Library/Java/JavaVirtualMachines/azul-11.0.13/Contents/Home!/jdk.naming.ldap" type="simple" />
            <root url="jrt:///Users/jorakuten/Library/Java/JavaVirtualMachines/azul-11.0.13/Contents/Home!/jdk.naming.rmi" type="simple" />
            <root url="jrt:///Users/jorakuten/Library/Java/JavaVirtualMachines/azul-11.0.13/Contents/Home!/jdk.net" type="simple" />
            <root url="jrt:///Users/jorakuten/Library/Java/JavaVirtualMachines/azul-11.0.13/Contents/Home!/jdk.pack" type="simple" />
            <root url="jrt:///Users/jorakuten/Library/Java/JavaVirtualMachines/azul-11.0.13/Contents/Home!/jdk.rmic" type="simple" />
            <root url="jrt:///Users/jorakuten/Library/Java/JavaVirtualMachines/azul-11.0.13/Contents/Home!/jdk.scripting.nashorn" type="simple" />
            <root url="jrt:///Users/jorakuten/Library/Java/JavaVirtualMachines/azul-11.0.13/Contents/Home!/jdk.scripting.nashorn.shell" type="simple" />
            <root url="jrt:///Users/jorakuten/Library/Java/JavaVirtualMachines/azul-11.0.13/Contents/Home!/jdk.sctp" type="simple" />
            <root url="jrt:///Users/jorakuten/Library/Java/JavaVirtualMachines/azul-11.0.13/Contents/Home!/jdk.security.auth" type="simple" />
            <root url="jrt:///Users/jorakuten/Library/Java/JavaVirtualMachines/azul-11.0.13/Contents/Home!/jdk.security.jgss" type="simple" />
            <root url="jrt:///Users/jorakuten/Library/Java/JavaVirtualMachines/azul-11.0.13/Contents/Home!/jdk.unsupported" type="simple" />
            <root url="jrt:///Users/jorakuten/Library/Java/JavaVirtualMachines/azul-11.0.13/Contents/Home!/jdk.unsupported.desktop" type="simple" />
            <root url="jrt:///Users/jorakuten/Library/Java/JavaVirtualMachines/azul-11.0.13/Contents/Home!/jdk.xml.dom" type="simple" />
            <root url="jrt:///Users/jorakuten/Library/Java/JavaVirtualMachines/azul-11.0.13/Contents/Home!/jdk.zipfs" type="simple" />
            <root url="jrt:///Users/jorakuten/Library/Java/JavaVirtualMachines/azul-11.0.13/Contents/Home!/org.openjsse" type="simple" />
          </root>
        </classPath>
        <javadocPath>
          <root type="composite" />
        </javadocPath>
        <sourcePath>
          <root type="composite">
            <root url="jar://$USER_HOME$/Library/Java/JavaVirtualMachines/azul-11.0.13/Contents/Home/lib/src.zip!/java.se" type="simple" />
            <root url="jar://$USER_HOME$/Library/Java/JavaVirtualMachines/azul-11.0.13/Contents/Home/lib/src.zip!/jdk.jdi" type="simple" />
            <root url="jar://$USER_HOME$/Library/Java/JavaVirtualMachines/azul-11.0.13/Contents/Home/lib/src.zip!/jdk.jfr" type="simple" />
            <root url="jar://$USER_HOME$/Library/Java/JavaVirtualMachines/azul-11.0.13/Contents/Home/lib/src.zip!/jdk.net" type="simple" />
            <root url="jar://$USER_HOME$/Library/Java/JavaVirtualMachines/azul-11.0.13/Contents/Home/lib/src.zip!/java.rmi" type="simple" />
            <root url="jar://$USER_HOME$/Library/Java/JavaVirtualMachines/azul-11.0.13/Contents/Home/lib/src.zip!/java.sql" type="simple" />
            <root url="jar://$USER_HOME$/Library/Java/JavaVirtualMachines/azul-11.0.13/Contents/Home/lib/src.zip!/java.xml" type="simple" />
            <root url="jar://$USER_HOME$/Library/Java/JavaVirtualMachines/azul-11.0.13/Contents/Home/lib/src.zip!/jdk.jcmd" type="simple" />
            <root url="jar://$USER_HOME$/Library/Java/JavaVirtualMachines/azul-11.0.13/Contents/Home/lib/src.zip!/jdk.pack" type="simple" />
            <root url="jar://$USER_HOME$/Library/Java/JavaVirtualMachines/azul-11.0.13/Contents/Home/lib/src.zip!/jdk.rmic" type="simple" />
            <root url="jar://$USER_HOME$/Library/Java/JavaVirtualMachines/azul-11.0.13/Contents/Home/lib/src.zip!/jdk.sctp" type="simple" />
            <root url="jar://$USER_HOME$/Library/Java/JavaVirtualMachines/azul-11.0.13/Contents/Home/lib/src.zip!/java.base" type="simple" />
            <root url="jar://$USER_HOME$/Library/Java/JavaVirtualMachines/azul-11.0.13/Contents/Home/lib/src.zip!/jdk.jdeps" type="simple" />
            <root url="jar://$USER_HOME$/Library/Java/JavaVirtualMachines/azul-11.0.13/Contents/Home/lib/src.zip!/jdk.jlink" type="simple" />
            <root url="jar://$USER_HOME$/Library/Java/JavaVirtualMachines/azul-11.0.13/Contents/Home/lib/src.zip!/jdk.zipfs" type="simple" />
            <root url="jar://$USER_HOME$/Library/Java/JavaVirtualMachines/azul-11.0.13/Contents/Home/lib/src.zip!/java.prefs" type="simple" />
            <root url="jar://$USER_HOME$/Library/Java/JavaVirtualMachines/azul-11.0.13/Contents/Home/lib/src.zip!/jdk.attach" type="simple" />
            <root url="jar://$USER_HOME$/Library/Java/JavaVirtualMachines/azul-11.0.13/Contents/Home/lib/src.zip!/jdk.jshell" type="simple" />
            <root url="jar://$USER_HOME$/Library/Java/JavaVirtualMachines/azul-11.0.13/Contents/Home/lib/src.zip!/jdk.jstatd" type="simple" />
            <root url="jar://$USER_HOME$/Library/Java/JavaVirtualMachines/azul-11.0.13/Contents/Home/lib/src.zip!/java.naming" type="simple" />
            <root url="jar://$USER_HOME$/Library/Java/JavaVirtualMachines/azul-11.0.13/Contents/Home/lib/src.zip!/jdk.editpad" type="simple" />
            <root url="jar://$USER_HOME$/Library/Java/JavaVirtualMachines/azul-11.0.13/Contents/Home/lib/src.zip!/jdk.jartool" type="simple" />
            <root url="jar://$USER_HOME$/Library/Java/JavaVirtualMachines/azul-11.0.13/Contents/Home/lib/src.zip!/jdk.javadoc" type="simple" />
            <root url="jar://$USER_HOME$/Library/Java/JavaVirtualMachines/azul-11.0.13/Contents/Home/lib/src.zip!/jdk.xml.dom" type="simple" />
            <root url="jar://$USER_HOME$/Library/Java/JavaVirtualMachines/azul-11.0.13/Contents/Home/lib/src.zip!/java.desktop" type="simple" />
            <root url="jar://$USER_HOME$/Library/Java/JavaVirtualMachines/azul-11.0.13/Contents/Home/lib/src.zip!/java.logging" type="simple" />
            <root url="jar://$USER_HOME$/Library/Java/JavaVirtualMachines/azul-11.0.13/Contents/Home/lib/src.zip!/jdk.charsets" type="simple" />
            <root url="jar://$USER_HOME$/Library/Java/JavaVirtualMachines/azul-11.0.13/Contents/Home/lib/src.zip!/jdk.compiler" type="simple" />
            <root url="jar://$USER_HOME$/Library/Java/JavaVirtualMachines/azul-11.0.13/Contents/Home/lib/src.zip!/jdk.dynalink" type="simple" />
            <root url="jar://$USER_HOME$/Library/Java/JavaVirtualMachines/azul-11.0.13/Contents/Home/lib/src.zip!/jdk.jconsole" type="simple" />
            <root url="jar://$USER_HOME$/Library/Java/JavaVirtualMachines/azul-11.0.13/Contents/Home/lib/src.zip!/jdk.jsobject" type="simple" />
            <root url="jar://$USER_HOME$/Library/Java/JavaVirtualMachines/azul-11.0.13/Contents/Home/lib/src.zip!/org.openjsse" type="simple" />
            <root url="jar://$USER_HOME$/Library/Java/JavaVirtualMachines/azul-11.0.13/Contents/Home/lib/src.zip!/java.compiler" type="simple" />
            <root url="jar://$USER_HOME$/Library/Java/JavaVirtualMachines/azul-11.0.13/Contents/Home/lib/src.zip!/java.net.http" type="simple" />
            <root url="jar://$USER_HOME$/Library/Java/JavaVirtualMachines/azul-11.0.13/Contents/Home/lib/src.zip!/jdk.crypto.ec" type="simple" />
            <root url="jar://$USER_HOME$/Library/Java/JavaVirtualMachines/azul-11.0.13/Contents/Home/lib/src.zip!/java.scripting" type="simple" />
            <root url="jar://$USER_HOME$/Library/Java/JavaVirtualMachines/azul-11.0.13/Contents/Home/lib/src.zip!/jdk.httpserver" type="simple" />
            <root url="jar://$USER_HOME$/Library/Java/JavaVirtualMachines/azul-11.0.13/Contents/Home/lib/src.zip!/jdk.jdwp.agent" type="simple" />
            <root url="jar://$USER_HOME$/Library/Java/JavaVirtualMachines/azul-11.0.13/Contents/Home/lib/src.zip!/jdk.localedata" type="simple" />
            <root url="jar://$USER_HOME$/Library/Java/JavaVirtualMachines/azul-11.0.13/Contents/Home/lib/src.zip!/jdk.management" type="simple" />
            <root url="jar://$USER_HOME$/Library/Java/JavaVirtualMachines/azul-11.0.13/Contents/Home/lib/src.zip!/jdk.naming.dns" type="simple" />
            <root url="jar://$USER_HOME$/Library/Java/JavaVirtualMachines/azul-11.0.13/Contents/Home/lib/src.zip!/jdk.naming.rmi" type="simple" />
            <root url="jar://$USER_HOME$/Library/Java/JavaVirtualMachines/azul-11.0.13/Contents/Home/lib/src.zip!/java.instrument" type="simple" />
            <root url="jar://$USER_HOME$/Library/Java/JavaVirtualMachines/azul-11.0.13/Contents/Home/lib/src.zip!/java.management" type="simple" />
            <root url="jar://$USER_HOME$/Library/Java/JavaVirtualMachines/azul-11.0.13/Contents/Home/lib/src.zip!/java.sql.rowset" type="simple" />
            <root url="jar://$USER_HOME$/Library/Java/JavaVirtualMachines/azul-11.0.13/Contents/Home/lib/src.zip!/java.xml.crypto" type="simple" />
            <root url="jar://$USER_HOME$/Library/Java/JavaVirtualMachines/azul-11.0.13/Contents/Home/lib/src.zip!/jdk.internal.ed" type="simple" />
            <root url="jar://$USER_HOME$/Library/Java/JavaVirtualMachines/azul-11.0.13/Contents/Home/lib/src.zip!/jdk.internal.le" type="simple" />
            <root url="jar://$USER_HOME$/Library/Java/JavaVirtualMachines/azul-11.0.13/Contents/Home/lib/src.zip!/jdk.naming.ldap" type="simple" />
            <root url="jar://$USER_HOME$/Library/Java/JavaVirtualMachines/azul-11.0.13/Contents/Home/lib/src.zip!/jdk.unsupported" type="simple" />
            <root url="jar://$USER_HOME$/Library/Java/JavaVirtualMachines/azul-11.0.13/Contents/Home/lib/src.zip!/java.smartcardio" type="simple" />
            <root url="jar://$USER_HOME$/Library/Java/JavaVirtualMachines/azul-11.0.13/Contents/Home/lib/src.zip!/jdk.internal.opt" type="simple" />
            <root url="jar://$USER_HOME$/Library/Java/JavaVirtualMachines/azul-11.0.13/Contents/Home/lib/src.zip!/java.datatransfer" type="simple" />
            <root url="jar://$USER_HOME$/Library/Java/JavaVirtualMachines/azul-11.0.13/Contents/Home/lib/src.zip!/jdk.accessibility" type="simple" />
            <root url="jar://$USER_HOME$/Library/Java/JavaVirtualMachines/azul-11.0.13/Contents/Home/lib/src.zip!/jdk.hotspot.agent" type="simple" />
            <root url="jar://$USER_HOME$/Library/Java/JavaVirtualMachines/azul-11.0.13/Contents/Home/lib/src.zip!/jdk.security.auth" type="simple" />
            <root url="jar://$USER_HOME$/Library/Java/JavaVirtualMachines/azul-11.0.13/Contents/Home/lib/src.zip!/jdk.security.jgss" type="simple" />
            <root url="jar://$USER_HOME$/Library/Java/JavaVirtualMachines/azul-11.0.13/Contents/Home/lib/src.zip!/java.security.jgss" type="simple" />
            <root url="jar://$USER_HOME$/Library/Java/JavaVirtualMachines/azul-11.0.13/Contents/Home/lib/src.zip!/java.security.sasl" type="simple" />
            <root url="jar://$USER_HOME$/Library/Java/JavaVirtualMachines/azul-11.0.13/Contents/Home/lib/src.zip!/jdk.internal.vm.ci" type="simple" />
            <root url="jar://$USER_HOME$/Library/Java/JavaVirtualMachines/azul-11.0.13/Contents/Home/lib/src.zip!/jdk.management.jfr" type="simple" />
            <root url="jar://$USER_HOME$/Library/Java/JavaVirtualMachines/azul-11.0.13/Contents/Home/lib/src.zip!/java.management.rmi" type="simple" />
            <root url="jar://$USER_HOME$/Library/Java/JavaVirtualMachines/azul-11.0.13/Contents/Home/lib/src.zip!/java.transaction.xa" type="simple" />
            <root url="jar://$USER_HOME$/Library/Java/JavaVirtualMachines/azul-11.0.13/Contents/Home/lib/src.zip!/jdk.crypto.cryptoki" type="simple" />
            <root url="jar://$USER_HOME$/Library/Java/JavaVirtualMachines/azul-11.0.13/Contents/Home/lib/src.zip!/jdk.internal.jvmstat" type="simple" />
            <root url="jar://$USER_HOME$/Library/Java/JavaVirtualMachines/azul-11.0.13/Contents/Home/lib/src.zip!/jdk.management.agent" type="simple" />
            <root url="jar://$USER_HOME$/Library/Java/JavaVirtualMachines/azul-11.0.13/Contents/Home/lib/src.zip!/jdk.scripting.nashorn" type="simple" />
            <root url="jar://$USER_HOME$/Library/Java/JavaVirtualMachines/azul-11.0.13/Contents/Home/lib/src.zip!/jdk.unsupported.desktop" type="simple" />
            <root url="jar://$USER_HOME$/Library/Java/JavaVirtualMachines/azul-11.0.13/Contents/Home/lib/src.zip!/jdk.scripting.nashorn.shell" type="simple" />
          </root>
        </sourcePath>
      </roots>
      <additional />
    </jdk>
    <jdk version="2">
      <name value="openjdk-16" />
      <type value="JavaSDK" />
      <version value="java version &quot;11.0.11&quot;" />
      <homePath value="$USER_HOME$/Library/Java/JavaVirtualMachines/azul-11.0.11/Contents/Home" />
      <roots>
        <annotationsPath>
          <root type="composite">
            <root url="jar://$APPLICATION_HOME_DIR$/plugins/java/lib/jdkAnnotations.jar!/" type="simple" />
          </root>
        </annotationsPath>
        <classPath>
          <root type="composite">
            <root url="jrt:///Users/jorakuten/Library/Java/JavaVirtualMachines/azul-11.0.11/Contents/Home!/java.base" type="simple" />
            <root url="jrt:///Users/jorakuten/Library/Java/JavaVirtualMachines/azul-11.0.11/Contents/Home!/java.compiler" type="simple" />
            <root url="jrt:///Users/jorakuten/Library/Java/JavaVirtualMachines/azul-11.0.11/Contents/Home!/java.datatransfer" type="simple" />
            <root url="jrt:///Users/jorakuten/Library/Java/JavaVirtualMachines/azul-11.0.11/Contents/Home!/java.desktop" type="simple" />
            <root url="jrt:///Users/jorakuten/Library/Java/JavaVirtualMachines/azul-11.0.11/Contents/Home!/java.instrument" type="simple" />
            <root url="jrt:///Users/jorakuten/Library/Java/JavaVirtualMachines/azul-11.0.11/Contents/Home!/java.logging" type="simple" />
            <root url="jrt:///Users/jorakuten/Library/Java/JavaVirtualMachines/azul-11.0.11/Contents/Home!/java.management" type="simple" />
            <root url="jrt:///Users/jorakuten/Library/Java/JavaVirtualMachines/azul-11.0.11/Contents/Home!/java.management.rmi" type="simple" />
            <root url="jrt:///Users/jorakuten/Library/Java/JavaVirtualMachines/azul-11.0.11/Contents/Home!/java.naming" type="simple" />
            <root url="jrt:///Users/jorakuten/Library/Java/JavaVirtualMachines/azul-11.0.11/Contents/Home!/java.net.http" type="simple" />
            <root url="jrt:///Users/jorakuten/Library/Java/JavaVirtualMachines/azul-11.0.11/Contents/Home!/java.prefs" type="simple" />
            <root url="jrt:///Users/jorakuten/Library/Java/JavaVirtualMachines/azul-11.0.11/Contents/Home!/java.rmi" type="simple" />
            <root url="jrt:///Users/jorakuten/Library/Java/JavaVirtualMachines/azul-11.0.11/Contents/Home!/java.scripting" type="simple" />
            <root url="jrt:///Users/jorakuten/Library/Java/JavaVirtualMachines/azul-11.0.11/Contents/Home!/java.se" type="simple" />
            <root url="jrt:///Users/jorakuten/Library/Java/JavaVirtualMachines/azul-11.0.11/Contents/Home!/java.security.jgss" type="simple" />
            <root url="jrt:///Users/jorakuten/Library/Java/JavaVirtualMachines/azul-11.0.11/Contents/Home!/java.security.sasl" type="simple" />
            <root url="jrt:///Users/jorakuten/Library/Java/JavaVirtualMachines/azul-11.0.11/Contents/Home!/java.smartcardio" type="simple" />
            <root url="jrt:///Users/jorakuten/Library/Java/JavaVirtualMachines/azul-11.0.11/Contents/Home!/java.sql" type="simple" />
            <root url="jrt:///Users/jorakuten/Library/Java/JavaVirtualMachines/azul-11.0.11/Contents/Home!/java.sql.rowset" type="simple" />
            <root url="jrt:///Users/jorakuten/Library/Java/JavaVirtualMachines/azul-11.0.11/Contents/Home!/java.transaction.xa" type="simple" />
            <root url="jrt:///Users/jorakuten/Library/Java/JavaVirtualMachines/azul-11.0.11/Contents/Home!/java.xml" type="simple" />
            <root url="jrt:///Users/jorakuten/Library/Java/JavaVirtualMachines/azul-11.0.11/Contents/Home!/java.xml.crypto" type="simple" />
            <root url="jrt:///Users/jorakuten/Library/Java/JavaVirtualMachines/azul-11.0.11/Contents/Home!/jdk.accessibility" type="simple" />
            <root url="jrt:///Users/jorakuten/Library/Java/JavaVirtualMachines/azul-11.0.11/Contents/Home!/jdk.attach" type="simple" />
            <root url="jrt:///Users/jorakuten/Library/Java/JavaVirtualMachines/azul-11.0.11/Contents/Home!/jdk.charsets" type="simple" />
            <root url="jrt:///Users/jorakuten/Library/Java/JavaVirtualMachines/azul-11.0.11/Contents/Home!/jdk.compiler" type="simple" />
            <root url="jrt:///Users/jorakuten/Library/Java/JavaVirtualMachines/azul-11.0.11/Contents/Home!/jdk.crypto.cryptoki" type="simple" />
            <root url="jrt:///Users/jorakuten/Library/Java/JavaVirtualMachines/azul-11.0.11/Contents/Home!/jdk.crypto.ec" type="simple" />
            <root url="jrt:///Users/jorakuten/Library/Java/JavaVirtualMachines/azul-11.0.11/Contents/Home!/jdk.dynalink" type="simple" />
            <root url="jrt:///Users/jorakuten/Library/Java/JavaVirtualMachines/azul-11.0.11/Contents/Home!/jdk.editpad" type="simple" />
            <root url="jrt:///Users/jorakuten/Library/Java/JavaVirtualMachines/azul-11.0.11/Contents/Home!/jdk.hotspot.agent" type="simple" />
            <root url="jrt:///Users/jorakuten/Library/Java/JavaVirtualMachines/azul-11.0.11/Contents/Home!/jdk.httpserver" type="simple" />
            <root url="jrt:///Users/jorakuten/Library/Java/JavaVirtualMachines/azul-11.0.11/Contents/Home!/jdk.internal.ed" type="simple" />
            <root url="jrt:///Users/jorakuten/Library/Java/JavaVirtualMachines/azul-11.0.11/Contents/Home!/jdk.internal.jvmstat" type="simple" />
            <root url="jrt:///Users/jorakuten/Library/Java/JavaVirtualMachines/azul-11.0.11/Contents/Home!/jdk.internal.le" type="simple" />
            <root url="jrt:///Users/jorakuten/Library/Java/JavaVirtualMachines/azul-11.0.11/Contents/Home!/jdk.internal.opt" type="simple" />
            <root url="jrt:///Users/jorakuten/Library/Java/JavaVirtualMachines/azul-11.0.11/Contents/Home!/jdk.internal.vm.ci" type="simple" />
            <root url="jrt:///Users/jorakuten/Library/Java/JavaVirtualMachines/azul-11.0.11/Contents/Home!/jdk.jartool" type="simple" />
            <root url="jrt:///Users/jorakuten/Library/Java/JavaVirtualMachines/azul-11.0.11/Contents/Home!/jdk.javadoc" type="simple" />
            <root url="jrt:///Users/jorakuten/Library/Java/JavaVirtualMachines/azul-11.0.11/Contents/Home!/jdk.jcmd" type="simple" />
            <root url="jrt:///Users/jorakuten/Library/Java/JavaVirtualMachines/azul-11.0.11/Contents/Home!/jdk.jconsole" type="simple" />
            <root url="jrt:///Users/jorakuten/Library/Java/JavaVirtualMachines/azul-11.0.11/Contents/Home!/jdk.jdeps" type="simple" />
            <root url="jrt:///Users/jorakuten/Library/Java/JavaVirtualMachines/azul-11.0.11/Contents/Home!/jdk.jdi" type="simple" />
            <root url="jrt:///Users/jorakuten/Library/Java/JavaVirtualMachines/azul-11.0.11/Contents/Home!/jdk.jdwp.agent" type="simple" />
            <root url="jrt:///Users/jorakuten/Library/Java/JavaVirtualMachines/azul-11.0.11/Contents/Home!/jdk.jfr" type="simple" />
            <root url="jrt:///Users/jorakuten/Library/Java/JavaVirtualMachines/azul-11.0.11/Contents/Home!/jdk.jlink" type="simple" />
            <root url="jrt:///Users/jorakuten/Library/Java/JavaVirtualMachines/azul-11.0.11/Contents/Home!/jdk.jshell" type="simple" />
            <root url="jrt:///Users/jorakuten/Library/Java/JavaVirtualMachines/azul-11.0.11/Contents/Home!/jdk.jsobject" type="simple" />
            <root url="jrt:///Users/jorakuten/Library/Java/JavaVirtualMachines/azul-11.0.11/Contents/Home!/jdk.jstatd" type="simple" />
            <root url="jrt:///Users/jorakuten/Library/Java/JavaVirtualMachines/azul-11.0.11/Contents/Home!/jdk.localedata" type="simple" />
            <root url="jrt:///Users/jorakuten/Library/Java/JavaVirtualMachines/azul-11.0.11/Contents/Home!/jdk.management" type="simple" />
            <root url="jrt:///Users/jorakuten/Library/Java/JavaVirtualMachines/azul-11.0.11/Contents/Home!/jdk.management.agent" type="simple" />
            <root url="jrt:///Users/jorakuten/Library/Java/JavaVirtualMachines/azul-11.0.11/Contents/Home!/jdk.management.jfr" type="simple" />
            <root url="jrt:///Users/jorakuten/Library/Java/JavaVirtualMachines/azul-11.0.11/Contents/Home!/jdk.naming.dns" type="simple" />
            <root url="jrt:///Users/jorakuten/Library/Java/JavaVirtualMachines/azul-11.0.11/Contents/Home!/jdk.naming.ldap" type="simple" />
            <root url="jrt:///Users/jorakuten/Library/Java/JavaVirtualMachines/azul-11.0.11/Contents/Home!/jdk.naming.rmi" type="simple" />
            <root url="jrt:///Users/jorakuten/Library/Java/JavaVirtualMachines/azul-11.0.11/Contents/Home!/jdk.net" type="simple" />
            <root url="jrt:///Users/jorakuten/Library/Java/JavaVirtualMachines/azul-11.0.11/Contents/Home!/jdk.pack" type="simple" />
            <root url="jrt:///Users/jorakuten/Library/Java/JavaVirtualMachines/azul-11.0.11/Contents/Home!/jdk.rmic" type="simple" />
            <root url="jrt:///Users/jorakuten/Library/Java/JavaVirtualMachines/azul-11.0.11/Contents/Home!/jdk.scripting.nashorn" type="simple" />
            <root url="jrt:///Users/jorakuten/Library/Java/JavaVirtualMachines/azul-11.0.11/Contents/Home!/jdk.scripting.nashorn.shell" type="simple" />
            <root url="jrt:///Users/jorakuten/Library/Java/JavaVirtualMachines/azul-11.0.11/Contents/Home!/jdk.sctp" type="simple" />
            <root url="jrt:///Users/jorakuten/Library/Java/JavaVirtualMachines/azul-11.0.11/Contents/Home!/jdk.security.auth" type="simple" />
            <root url="jrt:///Users/jorakuten/Library/Java/JavaVirtualMachines/azul-11.0.11/Contents/Home!/jdk.security.jgss" type="simple" />
            <root url="jrt:///Users/jorakuten/Library/Java/JavaVirtualMachines/azul-11.0.11/Contents/Home!/jdk.unsupported" type="simple" />
            <root url="jrt:///Users/jorakuten/Library/Java/JavaVirtualMachines/azul-11.0.11/Contents/Home!/jdk.unsupported.desktop" type="simple" />
            <root url="jrt:///Users/jorakuten/Library/Java/JavaVirtualMachines/azul-11.0.11/Contents/Home!/jdk.xml.dom" type="simple" />
            <root url="jrt:///Users/jorakuten/Library/Java/JavaVirtualMachines/azul-11.0.11/Contents/Home!/jdk.zipfs" type="simple" />
            <root url="jrt:///Users/jorakuten/Library/Java/JavaVirtualMachines/azul-11.0.11/Contents/Home!/org.openjsse" type="simple" />
          </root>
        </classPath>
        <javadocPath>
          <root type="composite" />
        </javadocPath>
        <sourcePath>
          <root type="composite">
            <root url="jar://$USER_HOME$/Library/Java/JavaVirtualMachines/azul-11.0.11/Contents/Home/lib/src.zip!/java.se" type="simple" />
            <root url="jar://$USER_HOME$/Library/Java/JavaVirtualMachines/azul-11.0.11/Contents/Home/lib/src.zip!/jdk.jdi" type="simple" />
            <root url="jar://$USER_HOME$/Library/Java/JavaVirtualMachines/azul-11.0.11/Contents/Home/lib/src.zip!/jdk.jfr" type="simple" />
            <root url="jar://$USER_HOME$/Library/Java/JavaVirtualMachines/azul-11.0.11/Contents/Home/lib/src.zip!/jdk.net" type="simple" />
            <root url="jar://$USER_HOME$/Library/Java/JavaVirtualMachines/azul-11.0.11/Contents/Home/lib/src.zip!/java.rmi" type="simple" />
            <root url="jar://$USER_HOME$/Library/Java/JavaVirtualMachines/azul-11.0.11/Contents/Home/lib/src.zip!/java.sql" type="simple" />
            <root url="jar://$USER_HOME$/Library/Java/JavaVirtualMachines/azul-11.0.11/Contents/Home/lib/src.zip!/java.xml" type="simple" />
            <root url="jar://$USER_HOME$/Library/Java/JavaVirtualMachines/azul-11.0.11/Contents/Home/lib/src.zip!/jdk.jcmd" type="simple" />
            <root url="jar://$USER_HOME$/Library/Java/JavaVirtualMachines/azul-11.0.11/Contents/Home/lib/src.zip!/jdk.pack" type="simple" />
            <root url="jar://$USER_HOME$/Library/Java/JavaVirtualMachines/azul-11.0.11/Contents/Home/lib/src.zip!/jdk.rmic" type="simple" />
            <root url="jar://$USER_HOME$/Library/Java/JavaVirtualMachines/azul-11.0.11/Contents/Home/lib/src.zip!/jdk.sctp" type="simple" />
            <root url="jar://$USER_HOME$/Library/Java/JavaVirtualMachines/azul-11.0.11/Contents/Home/lib/src.zip!/java.base" type="simple" />
            <root url="jar://$USER_HOME$/Library/Java/JavaVirtualMachines/azul-11.0.11/Contents/Home/lib/src.zip!/jdk.jdeps" type="simple" />
            <root url="jar://$USER_HOME$/Library/Java/JavaVirtualMachines/azul-11.0.11/Contents/Home/lib/src.zip!/jdk.jlink" type="simple" />
            <root url="jar://$USER_HOME$/Library/Java/JavaVirtualMachines/azul-11.0.11/Contents/Home/lib/src.zip!/jdk.zipfs" type="simple" />
            <root url="jar://$USER_HOME$/Library/Java/JavaVirtualMachines/azul-11.0.11/Contents/Home/lib/src.zip!/java.prefs" type="simple" />
            <root url="jar://$USER_HOME$/Library/Java/JavaVirtualMachines/azul-11.0.11/Contents/Home/lib/src.zip!/jdk.attach" type="simple" />
            <root url="jar://$USER_HOME$/Library/Java/JavaVirtualMachines/azul-11.0.11/Contents/Home/lib/src.zip!/jdk.jshell" type="simple" />
            <root url="jar://$USER_HOME$/Library/Java/JavaVirtualMachines/azul-11.0.11/Contents/Home/lib/src.zip!/jdk.jstatd" type="simple" />
            <root url="jar://$USER_HOME$/Library/Java/JavaVirtualMachines/azul-11.0.11/Contents/Home/lib/src.zip!/java.naming" type="simple" />
            <root url="jar://$USER_HOME$/Library/Java/JavaVirtualMachines/azul-11.0.11/Contents/Home/lib/src.zip!/jdk.editpad" type="simple" />
            <root url="jar://$USER_HOME$/Library/Java/JavaVirtualMachines/azul-11.0.11/Contents/Home/lib/src.zip!/jdk.jartool" type="simple" />
            <root url="jar://$USER_HOME$/Library/Java/JavaVirtualMachines/azul-11.0.11/Contents/Home/lib/src.zip!/jdk.javadoc" type="simple" />
            <root url="jar://$USER_HOME$/Library/Java/JavaVirtualMachines/azul-11.0.11/Contents/Home/lib/src.zip!/jdk.xml.dom" type="simple" />
            <root url="jar://$USER_HOME$/Library/Java/JavaVirtualMachines/azul-11.0.11/Contents/Home/lib/src.zip!/java.desktop" type="simple" />
            <root url="jar://$USER_HOME$/Library/Java/JavaVirtualMachines/azul-11.0.11/Contents/Home/lib/src.zip!/java.logging" type="simple" />
            <root url="jar://$USER_HOME$/Library/Java/JavaVirtualMachines/azul-11.0.11/Contents/Home/lib/src.zip!/jdk.charsets" type="simple" />
            <root url="jar://$USER_HOME$/Library/Java/JavaVirtualMachines/azul-11.0.11/Contents/Home/lib/src.zip!/jdk.compiler" type="simple" />
            <root url="jar://$USER_HOME$/Library/Java/JavaVirtualMachines/azul-11.0.11/Contents/Home/lib/src.zip!/jdk.dynalink" type="simple" />
            <root url="jar://$USER_HOME$/Library/Java/JavaVirtualMachines/azul-11.0.11/Contents/Home/lib/src.zip!/jdk.jconsole" type="simple" />
            <root url="jar://$USER_HOME$/Library/Java/JavaVirtualMachines/azul-11.0.11/Contents/Home/lib/src.zip!/jdk.jsobject" type="simple" />
            <root url="jar://$USER_HOME$/Library/Java/JavaVirtualMachines/azul-11.0.11/Contents/Home/lib/src.zip!/org.openjsse" type="simple" />
            <root url="jar://$USER_HOME$/Library/Java/JavaVirtualMachines/azul-11.0.11/Contents/Home/lib/src.zip!/java.compiler" type="simple" />
            <root url="jar://$USER_HOME$/Library/Java/JavaVirtualMachines/azul-11.0.11/Contents/Home/lib/src.zip!/java.net.http" type="simple" />
            <root url="jar://$USER_HOME$/Library/Java/JavaVirtualMachines/azul-11.0.11/Contents/Home/lib/src.zip!/jdk.crypto.ec" type="simple" />
            <root url="jar://$USER_HOME$/Library/Java/JavaVirtualMachines/azul-11.0.11/Contents/Home/lib/src.zip!/java.scripting" type="simple" />
            <root url="jar://$USER_HOME$/Library/Java/JavaVirtualMachines/azul-11.0.11/Contents/Home/lib/src.zip!/jdk.httpserver" type="simple" />
            <root url="jar://$USER_HOME$/Library/Java/JavaVirtualMachines/azul-11.0.11/Contents/Home/lib/src.zip!/jdk.jdwp.agent" type="simple" />
            <root url="jar://$USER_HOME$/Library/Java/JavaVirtualMachines/azul-11.0.11/Contents/Home/lib/src.zip!/jdk.localedata" type="simple" />
            <root url="jar://$USER_HOME$/Library/Java/JavaVirtualMachines/azul-11.0.11/Contents/Home/lib/src.zip!/jdk.management" type="simple" />
            <root url="jar://$USER_HOME$/Library/Java/JavaVirtualMachines/azul-11.0.11/Contents/Home/lib/src.zip!/jdk.naming.dns" type="simple" />
            <root url="jar://$USER_HOME$/Library/Java/JavaVirtualMachines/azul-11.0.11/Contents/Home/lib/src.zip!/jdk.naming.rmi" type="simple" />
            <root url="jar://$USER_HOME$/Library/Java/JavaVirtualMachines/azul-11.0.11/Contents/Home/lib/src.zip!/java.instrument" type="simple" />
            <root url="jar://$USER_HOME$/Library/Java/JavaVirtualMachines/azul-11.0.11/Contents/Home/lib/src.zip!/java.management" type="simple" />
            <root url="jar://$USER_HOME$/Library/Java/JavaVirtualMachines/azul-11.0.11/Contents/Home/lib/src.zip!/java.sql.rowset" type="simple" />
            <root url="jar://$USER_HOME$/Library/Java/JavaVirtualMachines/azul-11.0.11/Contents/Home/lib/src.zip!/java.xml.crypto" type="simple" />
            <root url="jar://$USER_HOME$/Library/Java/JavaVirtualMachines/azul-11.0.11/Contents/Home/lib/src.zip!/jdk.internal.ed" type="simple" />
            <root url="jar://$USER_HOME$/Library/Java/JavaVirtualMachines/azul-11.0.11/Contents/Home/lib/src.zip!/jdk.internal.le" type="simple" />
            <root url="jar://$USER_HOME$/Library/Java/JavaVirtualMachines/azul-11.0.11/Contents/Home/lib/src.zip!/jdk.naming.ldap" type="simple" />
            <root url="jar://$USER_HOME$/Library/Java/JavaVirtualMachines/azul-11.0.11/Contents/Home/lib/src.zip!/jdk.unsupported" type="simple" />
            <root url="jar://$USER_HOME$/Library/Java/JavaVirtualMachines/azul-11.0.11/Contents/Home/lib/src.zip!/java.smartcardio" type="simple" />
            <root url="jar://$USER_HOME$/Library/Java/JavaVirtualMachines/azul-11.0.11/Contents/Home/lib/src.zip!/jdk.internal.opt" type="simple" />
            <root url="jar://$USER_HOME$/Library/Java/JavaVirtualMachines/azul-11.0.11/Contents/Home/lib/src.zip!/java.datatransfer" type="simple" />
            <root url="jar://$USER_HOME$/Library/Java/JavaVirtualMachines/azul-11.0.11/Contents/Home/lib/src.zip!/jdk.accessibility" type="simple" />
            <root url="jar://$USER_HOME$/Library/Java/JavaVirtualMachines/azul-11.0.11/Contents/Home/lib/src.zip!/jdk.hotspot.agent" type="simple" />
            <root url="jar://$USER_HOME$/Library/Java/JavaVirtualMachines/azul-11.0.11/Contents/Home/lib/src.zip!/jdk.security.auth" type="simple" />
            <root url="jar://$USER_HOME$/Library/Java/JavaVirtualMachines/azul-11.0.11/Contents/Home/lib/src.zip!/jdk.security.jgss" type="simple" />
            <root url="jar://$USER_HOME$/Library/Java/JavaVirtualMachines/azul-11.0.11/Contents/Home/lib/src.zip!/java.security.jgss" type="simple" />
            <root url="jar://$USER_HOME$/Library/Java/JavaVirtualMachines/azul-11.0.11/Contents/Home/lib/src.zip!/java.security.sasl" type="simple" />
            <root url="jar://$USER_HOME$/Library/Java/JavaVirtualMachines/azul-11.0.11/Contents/Home/lib/src.zip!/jdk.internal.vm.ci" type="simple" />
            <root url="jar://$USER_HOME$/Library/Java/JavaVirtualMachines/azul-11.0.11/Contents/Home/lib/src.zip!/jdk.management.jfr" type="simple" />
            <root url="jar://$USER_HOME$/Library/Java/JavaVirtualMachines/azul-11.0.11/Contents/Home/lib/src.zip!/java.management.rmi" type="simple" />
            <root url="jar://$USER_HOME$/Library/Java/JavaVirtualMachines/azul-11.0.11/Contents/Home/lib/src.zip!/java.transaction.xa" type="simple" />
            <root url="jar://$USER_HOME$/Library/Java/JavaVirtualMachines/azul-11.0.11/Contents/Home/lib/src.zip!/jdk.crypto.cryptoki" type="simple" />
            <root url="jar://$USER_HOME$/Library/Java/JavaVirtualMachines/azul-11.0.11/Contents/Home/lib/src.zip!/jdk.internal.jvmstat" type="simple" />
            <root url="jar://$USER_HOME$/Library/Java/JavaVirtualMachines/azul-11.0.11/Contents/Home/lib/src.zip!/jdk.management.agent" type="simple" />
            <root url="jar://$USER_HOME$/Library/Java/JavaVirtualMachines/azul-11.0.11/Contents/Home/lib/src.zip!/jdk.scripting.nashorn" type="simple" />
            <root url="jar://$USER_HOME$/Library/Java/JavaVirtualMachines/azul-11.0.11/Contents/Home/lib/src.zip!/jdk.unsupported.desktop" type="simple" />
            <root url="jar://$USER_HOME$/Library/Java/JavaVirtualMachines/azul-11.0.11/Contents/Home/lib/src.zip!/jdk.scripting.nashorn.shell" type="simple" />
          </root>
        </sourcePath>
      </roots>
      <additional />
    </jdk>
    <jdk version="2">
      <name value="azul-11 (2)" />
      <type value="JavaSDK" />
      <version value="java version &quot;11.0.12&quot;" />
      <homePath value="$USER_HOME$/Library/Java/JavaVirtualMachines/azul-11.0.12/Contents/Home" />
      <roots>
        <annotationsPath>
          <root type="composite">
            <root url="jar://$APPLICATION_HOME_DIR$/plugins/java/lib/jdkAnnotations.jar!/" type="simple" />
          </root>
        </annotationsPath>
        <classPath>
          <root type="composite">
            <root url="jrt:///Users/jorakuten/Library/Java/JavaVirtualMachines/azul-11.0.12/Contents/Home!/java.base" type="simple" />
            <root url="jrt:///Users/jorakuten/Library/Java/JavaVirtualMachines/azul-11.0.12/Contents/Home!/java.compiler" type="simple" />
            <root url="jrt:///Users/jorakuten/Library/Java/JavaVirtualMachines/azul-11.0.12/Contents/Home!/java.datatransfer" type="simple" />
            <root url="jrt:///Users/jorakuten/Library/Java/JavaVirtualMachines/azul-11.0.12/Contents/Home!/java.desktop" type="simple" />
            <root url="jrt:///Users/jorakuten/Library/Java/JavaVirtualMachines/azul-11.0.12/Contents/Home!/java.instrument" type="simple" />
            <root url="jrt:///Users/jorakuten/Library/Java/JavaVirtualMachines/azul-11.0.12/Contents/Home!/java.logging" type="simple" />
            <root url="jrt:///Users/jorakuten/Library/Java/JavaVirtualMachines/azul-11.0.12/Contents/Home!/java.management" type="simple" />
            <root url="jrt:///Users/jorakuten/Library/Java/JavaVirtualMachines/azul-11.0.12/Contents/Home!/java.management.rmi" type="simple" />
            <root url="jrt:///Users/jorakuten/Library/Java/JavaVirtualMachines/azul-11.0.12/Contents/Home!/java.naming" type="simple" />
            <root url="jrt:///Users/jorakuten/Library/Java/JavaVirtualMachines/azul-11.0.12/Contents/Home!/java.net.http" type="simple" />
            <root url="jrt:///Users/jorakuten/Library/Java/JavaVirtualMachines/azul-11.0.12/Contents/Home!/java.prefs" type="simple" />
            <root url="jrt:///Users/jorakuten/Library/Java/JavaVirtualMachines/azul-11.0.12/Contents/Home!/java.rmi" type="simple" />
            <root url="jrt:///Users/jorakuten/Library/Java/JavaVirtualMachines/azul-11.0.12/Contents/Home!/java.scripting" type="simple" />
            <root url="jrt:///Users/jorakuten/Library/Java/JavaVirtualMachines/azul-11.0.12/Contents/Home!/java.se" type="simple" />
            <root url="jrt:///Users/jorakuten/Library/Java/JavaVirtualMachines/azul-11.0.12/Contents/Home!/java.security.jgss" type="simple" />
            <root url="jrt:///Users/jorakuten/Library/Java/JavaVirtualMachines/azul-11.0.12/Contents/Home!/java.security.sasl" type="simple" />
            <root url="jrt:///Users/jorakuten/Library/Java/JavaVirtualMachines/azul-11.0.12/Contents/Home!/java.smartcardio" type="simple" />
            <root url="jrt:///Users/jorakuten/Library/Java/JavaVirtualMachines/azul-11.0.12/Contents/Home!/java.sql" type="simple" />
            <root url="jrt:///Users/jorakuten/Library/Java/JavaVirtualMachines/azul-11.0.12/Contents/Home!/java.sql.rowset" type="simple" />
            <root url="jrt:///Users/jorakuten/Library/Java/JavaVirtualMachines/azul-11.0.12/Contents/Home!/java.transaction.xa" type="simple" />
            <root url="jrt:///Users/jorakuten/Library/Java/JavaVirtualMachines/azul-11.0.12/Contents/Home!/java.xml" type="simple" />
            <root url="jrt:///Users/jorakuten/Library/Java/JavaVirtualMachines/azul-11.0.12/Contents/Home!/java.xml.crypto" type="simple" />
            <root url="jrt:///Users/jorakuten/Library/Java/JavaVirtualMachines/azul-11.0.12/Contents/Home!/jdk.accessibility" type="simple" />
            <root url="jrt:///Users/jorakuten/Library/Java/JavaVirtualMachines/azul-11.0.12/Contents/Home!/jdk.attach" type="simple" />
            <root url="jrt:///Users/jorakuten/Library/Java/JavaVirtualMachines/azul-11.0.12/Contents/Home!/jdk.charsets" type="simple" />
            <root url="jrt:///Users/jorakuten/Library/Java/JavaVirtualMachines/azul-11.0.12/Contents/Home!/jdk.compiler" type="simple" />
            <root url="jrt:///Users/jorakuten/Library/Java/JavaVirtualMachines/azul-11.0.12/Contents/Home!/jdk.crypto.cryptoki" type="simple" />
            <root url="jrt:///Users/jorakuten/Library/Java/JavaVirtualMachines/azul-11.0.12/Contents/Home!/jdk.crypto.ec" type="simple" />
            <root url="jrt:///Users/jorakuten/Library/Java/JavaVirtualMachines/azul-11.0.12/Contents/Home!/jdk.dynalink" type="simple" />
            <root url="jrt:///Users/jorakuten/Library/Java/JavaVirtualMachines/azul-11.0.12/Contents/Home!/jdk.editpad" type="simple" />
            <root url="jrt:///Users/jorakuten/Library/Java/JavaVirtualMachines/azul-11.0.12/Contents/Home!/jdk.hotspot.agent" type="simple" />
            <root url="jrt:///Users/jorakuten/Library/Java/JavaVirtualMachines/azul-11.0.12/Contents/Home!/jdk.httpserver" type="simple" />
            <root url="jrt:///Users/jorakuten/Library/Java/JavaVirtualMachines/azul-11.0.12/Contents/Home!/jdk.internal.ed" type="simple" />
            <root url="jrt:///Users/jorakuten/Library/Java/JavaVirtualMachines/azul-11.0.12/Contents/Home!/jdk.internal.jvmstat" type="simple" />
            <root url="jrt:///Users/jorakuten/Library/Java/JavaVirtualMachines/azul-11.0.12/Contents/Home!/jdk.internal.le" type="simple" />
            <root url="jrt:///Users/jorakuten/Library/Java/JavaVirtualMachines/azul-11.0.12/Contents/Home!/jdk.internal.opt" type="simple" />
            <root url="jrt:///Users/jorakuten/Library/Java/JavaVirtualMachines/azul-11.0.12/Contents/Home!/jdk.internal.vm.ci" type="simple" />
            <root url="jrt:///Users/jorakuten/Library/Java/JavaVirtualMachines/azul-11.0.12/Contents/Home!/jdk.jartool" type="simple" />
            <root url="jrt:///Users/jorakuten/Library/Java/JavaVirtualMachines/azul-11.0.12/Contents/Home!/jdk.javadoc" type="simple" />
            <root url="jrt:///Users/jorakuten/Library/Java/JavaVirtualMachines/azul-11.0.12/Contents/Home!/jdk.jcmd" type="simple" />
            <root url="jrt:///Users/jorakuten/Library/Java/JavaVirtualMachines/azul-11.0.12/Contents/Home!/jdk.jconsole" type="simple" />
            <root url="jrt:///Users/jorakuten/Library/Java/JavaVirtualMachines/azul-11.0.12/Contents/Home!/jdk.jdeps" type="simple" />
            <root url="jrt:///Users/jorakuten/Library/Java/JavaVirtualMachines/azul-11.0.12/Contents/Home!/jdk.jdi" type="simple" />
            <root url="jrt:///Users/jorakuten/Library/Java/JavaVirtualMachines/azul-11.0.12/Contents/Home!/jdk.jdwp.agent" type="simple" />
            <root url="jrt:///Users/jorakuten/Library/Java/JavaVirtualMachines/azul-11.0.12/Contents/Home!/jdk.jfr" type="simple" />
            <root url="jrt:///Users/jorakuten/Library/Java/JavaVirtualMachines/azul-11.0.12/Contents/Home!/jdk.jlink" type="simple" />
            <root url="jrt:///Users/jorakuten/Library/Java/JavaVirtualMachines/azul-11.0.12/Contents/Home!/jdk.jshell" type="simple" />
            <root url="jrt:///Users/jorakuten/Library/Java/JavaVirtualMachines/azul-11.0.12/Contents/Home!/jdk.jsobject" type="simple" />
            <root url="jrt:///Users/jorakuten/Library/Java/JavaVirtualMachines/azul-11.0.12/Contents/Home!/jdk.jstatd" type="simple" />
            <root url="jrt:///Users/jorakuten/Library/Java/JavaVirtualMachines/azul-11.0.12/Contents/Home!/jdk.localedata" type="simple" />
            <root url="jrt:///Users/jorakuten/Library/Java/JavaVirtualMachines/azul-11.0.12/Contents/Home!/jdk.management" type="simple" />
            <root url="jrt:///Users/jorakuten/Library/Java/JavaVirtualMachines/azul-11.0.12/Contents/Home!/jdk.management.agent" type="simple" />
            <root url="jrt:///Users/jorakuten/Library/Java/JavaVirtualMachines/azul-11.0.12/Contents/Home!/jdk.management.jfr" type="simple" />
            <root url="jrt:///Users/jorakuten/Library/Java/JavaVirtualMachines/azul-11.0.12/Contents/Home!/jdk.naming.dns" type="simple" />
            <root url="jrt:///Users/jorakuten/Library/Java/JavaVirtualMachines/azul-11.0.12/Contents/Home!/jdk.naming.ldap" type="simple" />
            <root url="jrt:///Users/jorakuten/Library/Java/JavaVirtualMachines/azul-11.0.12/Contents/Home!/jdk.naming.rmi" type="simple" />
            <root url="jrt:///Users/jorakuten/Library/Java/JavaVirtualMachines/azul-11.0.12/Contents/Home!/jdk.net" type="simple" />
            <root url="jrt:///Users/jorakuten/Library/Java/JavaVirtualMachines/azul-11.0.12/Contents/Home!/jdk.pack" type="simple" />
            <root url="jrt:///Users/jorakuten/Library/Java/JavaVirtualMachines/azul-11.0.12/Contents/Home!/jdk.rmic" type="simple" />
            <root url="jrt:///Users/jorakuten/Library/Java/JavaVirtualMachines/azul-11.0.12/Contents/Home!/jdk.scripting.nashorn" type="simple" />
            <root url="jrt:///Users/jorakuten/Library/Java/JavaVirtualMachines/azul-11.0.12/Contents/Home!/jdk.scripting.nashorn.shell" type="simple" />
            <root url="jrt:///Users/jorakuten/Library/Java/JavaVirtualMachines/azul-11.0.12/Contents/Home!/jdk.sctp" type="simple" />
            <root url="jrt:///Users/jorakuten/Library/Java/JavaVirtualMachines/azul-11.0.12/Contents/Home!/jdk.security.auth" type="simple" />
            <root url="jrt:///Users/jorakuten/Library/Java/JavaVirtualMachines/azul-11.0.12/Contents/Home!/jdk.security.jgss" type="simple" />
            <root url="jrt:///Users/jorakuten/Library/Java/JavaVirtualMachines/azul-11.0.12/Contents/Home!/jdk.unsupported" type="simple" />
            <root url="jrt:///Users/jorakuten/Library/Java/JavaVirtualMachines/azul-11.0.12/Contents/Home!/jdk.unsupported.desktop" type="simple" />
            <root url="jrt:///Users/jorakuten/Library/Java/JavaVirtualMachines/azul-11.0.12/Contents/Home!/jdk.xml.dom" type="simple" />
            <root url="jrt:///Users/jorakuten/Library/Java/JavaVirtualMachines/azul-11.0.12/Contents/Home!/jdk.zipfs" type="simple" />
            <root url="jrt:///Users/jorakuten/Library/Java/JavaVirtualMachines/azul-11.0.12/Contents/Home!/org.openjsse" type="simple" />
          </root>
        </classPath>
        <javadocPath>
          <root type="composite" />
        </javadocPath>
        <sourcePath>
          <root type="composite">
            <root url="jar://$USER_HOME$/Library/Java/JavaVirtualMachines/azul-11.0.12/Contents/Home/lib/src.zip!/java.se" type="simple" />
            <root url="jar://$USER_HOME$/Library/Java/JavaVirtualMachines/azul-11.0.12/Contents/Home/lib/src.zip!/jdk.jdi" type="simple" />
            <root url="jar://$USER_HOME$/Library/Java/JavaVirtualMachines/azul-11.0.12/Contents/Home/lib/src.zip!/jdk.jfr" type="simple" />
            <root url="jar://$USER_HOME$/Library/Java/JavaVirtualMachines/azul-11.0.12/Contents/Home/lib/src.zip!/jdk.net" type="simple" />
            <root url="jar://$USER_HOME$/Library/Java/JavaVirtualMachines/azul-11.0.12/Contents/Home/lib/src.zip!/java.rmi" type="simple" />
            <root url="jar://$USER_HOME$/Library/Java/JavaVirtualMachines/azul-11.0.12/Contents/Home/lib/src.zip!/java.sql" type="simple" />
            <root url="jar://$USER_HOME$/Library/Java/JavaVirtualMachines/azul-11.0.12/Contents/Home/lib/src.zip!/java.xml" type="simple" />
            <root url="jar://$USER_HOME$/Library/Java/JavaVirtualMachines/azul-11.0.12/Contents/Home/lib/src.zip!/jdk.jcmd" type="simple" />
            <root url="jar://$USER_HOME$/Library/Java/JavaVirtualMachines/azul-11.0.12/Contents/Home/lib/src.zip!/jdk.pack" type="simple" />
            <root url="jar://$USER_HOME$/Library/Java/JavaVirtualMachines/azul-11.0.12/Contents/Home/lib/src.zip!/jdk.rmic" type="simple" />
            <root url="jar://$USER_HOME$/Library/Java/JavaVirtualMachines/azul-11.0.12/Contents/Home/lib/src.zip!/jdk.sctp" type="simple" />
            <root url="jar://$USER_HOME$/Library/Java/JavaVirtualMachines/azul-11.0.12/Contents/Home/lib/src.zip!/java.base" type="simple" />
            <root url="jar://$USER_HOME$/Library/Java/JavaVirtualMachines/azul-11.0.12/Contents/Home/lib/src.zip!/jdk.jdeps" type="simple" />
            <root url="jar://$USER_HOME$/Library/Java/JavaVirtualMachines/azul-11.0.12/Contents/Home/lib/src.zip!/jdk.jlink" type="simple" />
            <root url="jar://$USER_HOME$/Library/Java/JavaVirtualMachines/azul-11.0.12/Contents/Home/lib/src.zip!/jdk.zipfs" type="simple" />
            <root url="jar://$USER_HOME$/Library/Java/JavaVirtualMachines/azul-11.0.12/Contents/Home/lib/src.zip!/java.prefs" type="simple" />
            <root url="jar://$USER_HOME$/Library/Java/JavaVirtualMachines/azul-11.0.12/Contents/Home/lib/src.zip!/jdk.attach" type="simple" />
            <root url="jar://$USER_HOME$/Library/Java/JavaVirtualMachines/azul-11.0.12/Contents/Home/lib/src.zip!/jdk.jshell" type="simple" />
            <root url="jar://$USER_HOME$/Library/Java/JavaVirtualMachines/azul-11.0.12/Contents/Home/lib/src.zip!/jdk.jstatd" type="simple" />
            <root url="jar://$USER_HOME$/Library/Java/JavaVirtualMachines/azul-11.0.12/Contents/Home/lib/src.zip!/java.naming" type="simple" />
            <root url="jar://$USER_HOME$/Library/Java/JavaVirtualMachines/azul-11.0.12/Contents/Home/lib/src.zip!/jdk.editpad" type="simple" />
            <root url="jar://$USER_HOME$/Library/Java/JavaVirtualMachines/azul-11.0.12/Contents/Home/lib/src.zip!/jdk.jartool" type="simple" />
            <root url="jar://$USER_HOME$/Library/Java/JavaVirtualMachines/azul-11.0.12/Contents/Home/lib/src.zip!/jdk.javadoc" type="simple" />
            <root url="jar://$USER_HOME$/Library/Java/JavaVirtualMachines/azul-11.0.12/Contents/Home/lib/src.zip!/jdk.xml.dom" type="simple" />
            <root url="jar://$USER_HOME$/Library/Java/JavaVirtualMachines/azul-11.0.12/Contents/Home/lib/src.zip!/java.desktop" type="simple" />
            <root url="jar://$USER_HOME$/Library/Java/JavaVirtualMachines/azul-11.0.12/Contents/Home/lib/src.zip!/java.logging" type="simple" />
            <root url="jar://$USER_HOME$/Library/Java/JavaVirtualMachines/azul-11.0.12/Contents/Home/lib/src.zip!/jdk.charsets" type="simple" />
            <root url="jar://$USER_HOME$/Library/Java/JavaVirtualMachines/azul-11.0.12/Contents/Home/lib/src.zip!/jdk.compiler" type="simple" />
            <root url="jar://$USER_HOME$/Library/Java/JavaVirtualMachines/azul-11.0.12/Contents/Home/lib/src.zip!/jdk.dynalink" type="simple" />
            <root url="jar://$USER_HOME$/Library/Java/JavaVirtualMachines/azul-11.0.12/Contents/Home/lib/src.zip!/jdk.jconsole" type="simple" />
            <root url="jar://$USER_HOME$/Library/Java/JavaVirtualMachines/azul-11.0.12/Contents/Home/lib/src.zip!/jdk.jsobject" type="simple" />
            <root url="jar://$USER_HOME$/Library/Java/JavaVirtualMachines/azul-11.0.12/Contents/Home/lib/src.zip!/org.openjsse" type="simple" />
            <root url="jar://$USER_HOME$/Library/Java/JavaVirtualMachines/azul-11.0.12/Contents/Home/lib/src.zip!/java.compiler" type="simple" />
            <root url="jar://$USER_HOME$/Library/Java/JavaVirtualMachines/azul-11.0.12/Contents/Home/lib/src.zip!/java.net.http" type="simple" />
            <root url="jar://$USER_HOME$/Library/Java/JavaVirtualMachines/azul-11.0.12/Contents/Home/lib/src.zip!/jdk.crypto.ec" type="simple" />
            <root url="jar://$USER_HOME$/Library/Java/JavaVirtualMachines/azul-11.0.12/Contents/Home/lib/src.zip!/java.scripting" type="simple" />
            <root url="jar://$USER_HOME$/Library/Java/JavaVirtualMachines/azul-11.0.12/Contents/Home/lib/src.zip!/jdk.httpserver" type="simple" />
            <root url="jar://$USER_HOME$/Library/Java/JavaVirtualMachines/azul-11.0.12/Contents/Home/lib/src.zip!/jdk.jdwp.agent" type="simple" />
            <root url="jar://$USER_HOME$/Library/Java/JavaVirtualMachines/azul-11.0.12/Contents/Home/lib/src.zip!/jdk.localedata" type="simple" />
            <root url="jar://$USER_HOME$/Library/Java/JavaVirtualMachines/azul-11.0.12/Contents/Home/lib/src.zip!/jdk.management" type="simple" />
            <root url="jar://$USER_HOME$/Library/Java/JavaVirtualMachines/azul-11.0.12/Contents/Home/lib/src.zip!/jdk.naming.dns" type="simple" />
            <root url="jar://$USER_HOME$/Library/Java/JavaVirtualMachines/azul-11.0.12/Contents/Home/lib/src.zip!/jdk.naming.rmi" type="simple" />
            <root url="jar://$USER_HOME$/Library/Java/JavaVirtualMachines/azul-11.0.12/Contents/Home/lib/src.zip!/java.instrument" type="simple" />
            <root url="jar://$USER_HOME$/Library/Java/JavaVirtualMachines/azul-11.0.12/Contents/Home/lib/src.zip!/java.management" type="simple" />
            <root url="jar://$USER_HOME$/Library/Java/JavaVirtualMachines/azul-11.0.12/Contents/Home/lib/src.zip!/java.sql.rowset" type="simple" />
            <root url="jar://$USER_HOME$/Library/Java/JavaVirtualMachines/azul-11.0.12/Contents/Home/lib/src.zip!/java.xml.crypto" type="simple" />
            <root url="jar://$USER_HOME$/Library/Java/JavaVirtualMachines/azul-11.0.12/Contents/Home/lib/src.zip!/jdk.internal.ed" type="simple" />
            <root url="jar://$USER_HOME$/Library/Java/JavaVirtualMachines/azul-11.0.12/Contents/Home/lib/src.zip!/jdk.internal.le" type="simple" />
            <root url="jar://$USER_HOME$/Library/Java/JavaVirtualMachines/azul-11.0.12/Contents/Home/lib/src.zip!/jdk.naming.ldap" type="simple" />
            <root url="jar://$USER_HOME$/Library/Java/JavaVirtualMachines/azul-11.0.12/Contents/Home/lib/src.zip!/jdk.unsupported" type="simple" />
            <root url="jar://$USER_HOME$/Library/Java/JavaVirtualMachines/azul-11.0.12/Contents/Home/lib/src.zip!/java.smartcardio" type="simple" />
            <root url="jar://$USER_HOME$/Library/Java/JavaVirtualMachines/azul-11.0.12/Contents/Home/lib/src.zip!/jdk.internal.opt" type="simple" />
            <root url="jar://$USER_HOME$/Library/Java/JavaVirtualMachines/azul-11.0.12/Contents/Home/lib/src.zip!/java.datatransfer" type="simple" />
            <root url="jar://$USER_HOME$/Library/Java/JavaVirtualMachines/azul-11.0.12/Contents/Home/lib/src.zip!/jdk.accessibility" type="simple" />
            <root url="jar://$USER_HOME$/Library/Java/JavaVirtualMachines/azul-11.0.12/Contents/Home/lib/src.zip!/jdk.hotspot.agent" type="simple" />
            <root url="jar://$USER_HOME$/Library/Java/JavaVirtualMachines/azul-11.0.12/Contents/Home/lib/src.zip!/jdk.security.auth" type="simple" />
            <root url="jar://$USER_HOME$/Library/Java/JavaVirtualMachines/azul-11.0.12/Contents/Home/lib/src.zip!/jdk.security.jgss" type="simple" />
            <root url="jar://$USER_HOME$/Library/Java/JavaVirtualMachines/azul-11.0.12/Contents/Home/lib/src.zip!/java.security.jgss" type="simple" />
            <root url="jar://$USER_HOME$/Library/Java/JavaVirtualMachines/azul-11.0.12/Contents/Home/lib/src.zip!/java.security.sasl" type="simple" />
            <root url="jar://$USER_HOME$/Library/Java/JavaVirtualMachines/azul-11.0.12/Contents/Home/lib/src.zip!/jdk.internal.vm.ci" type="simple" />
            <root url="jar://$USER_HOME$/Library/Java/JavaVirtualMachines/azul-11.0.12/Contents/Home/lib/src.zip!/jdk.management.jfr" type="simple" />
            <root url="jar://$USER_HOME$/Library/Java/JavaVirtualMachines/azul-11.0.12/Contents/Home/lib/src.zip!/java.management.rmi" type="simple" />
            <root url="jar://$USER_HOME$/Library/Java/JavaVirtualMachines/azul-11.0.12/Contents/Home/lib/src.zip!/java.transaction.xa" type="simple" />
            <root url="jar://$USER_HOME$/Library/Java/JavaVirtualMachines/azul-11.0.12/Contents/Home/lib/src.zip!/jdk.crypto.cryptoki" type="simple" />
            <root url="jar://$USER_HOME$/Library/Java/JavaVirtualMachines/azul-11.0.12/Contents/Home/lib/src.zip!/jdk.internal.jvmstat" type="simple" />
            <root url="jar://$USER_HOME$/Library/Java/JavaVirtualMachines/azul-11.0.12/Contents/Home/lib/src.zip!/jdk.management.agent" type="simple" />
            <root url="jar://$USER_HOME$/Library/Java/JavaVirtualMachines/azul-11.0.12/Contents/Home/lib/src.zip!/jdk.scripting.nashorn" type="simple" />
            <root url="jar://$USER_HOME$/Library/Java/JavaVirtualMachines/azul-11.0.12/Contents/Home/lib/src.zip!/jdk.unsupported.desktop" type="simple" />
            <root url="jar://$USER_HOME$/Library/Java/JavaVirtualMachines/azul-11.0.12/Contents/Home/lib/src.zip!/jdk.scripting.nashorn.shell" type="simple" />
          </root>
        </sourcePath>
      </roots>
      <additional />
    </jdk>
    <jdk version="2">
      <name value="corretto-11" />
      <type value="JavaSDK" />
      <version value="java version &quot;11.0.13&quot;" />
      <homePath value="$USER_HOME$/.jdks/corretto-11.0.13" />
      <roots>
        <annotationsPath>
          <root type="composite">
            <root url="jar://$APPLICATION_HOME_DIR$/plugins/java/lib/jdkAnnotations.jar!/" type="simple" />
          </root>
        </annotationsPath>
        <classPath>
          <root type="composite">
            <root url="jrt://C:/Users/jorakuten/.jdks/corretto-11.0.13!/java.base" type="simple" />
            <root url="jrt://C:/Users/jorakuten/.jdks/corretto-11.0.13!/java.compiler" type="simple" />
            <root url="jrt://C:/Users/jorakuten/.jdks/corretto-11.0.13!/java.datatransfer" type="simple" />
            <root url="jrt://C:/Users/jorakuten/.jdks/corretto-11.0.13!/java.desktop" type="simple" />
            <root url="jrt://C:/Users/jorakuten/.jdks/corretto-11.0.13!/java.instrument" type="simple" />
            <root url="jrt://C:/Users/jorakuten/.jdks/corretto-11.0.13!/java.logging" type="simple" />
            <root url="jrt://C:/Users/jorakuten/.jdks/corretto-11.0.13!/java.management" type="simple" />
            <root url="jrt://C:/Users/jorakuten/.jdks/corretto-11.0.13!/java.management.rmi" type="simple" />
            <root url="jrt://C:/Users/jorakuten/.jdks/corretto-11.0.13!/java.naming" type="simple" />
            <root url="jrt://C:/Users/jorakuten/.jdks/corretto-11.0.13!/java.net.http" type="simple" />
            <root url="jrt://C:/Users/jorakuten/.jdks/corretto-11.0.13!/java.prefs" type="simple" />
            <root url="jrt://C:/Users/jorakuten/.jdks/corretto-11.0.13!/java.rmi" type="simple" />
            <root url="jrt://C:/Users/jorakuten/.jdks/corretto-11.0.13!/java.scripting" type="simple" />
            <root url="jrt://C:/Users/jorakuten/.jdks/corretto-11.0.13!/java.se" type="simple" />
            <root url="jrt://C:/Users/jorakuten/.jdks/corretto-11.0.13!/java.security.jgss" type="simple" />
            <root url="jrt://C:/Users/jorakuten/.jdks/corretto-11.0.13!/java.security.sasl" type="simple" />
            <root url="jrt://C:/Users/jorakuten/.jdks/corretto-11.0.13!/java.smartcardio" type="simple" />
            <root url="jrt://C:/Users/jorakuten/.jdks/corretto-11.0.13!/java.sql" type="simple" />
            <root url="jrt://C:/Users/jorakuten/.jdks/corretto-11.0.13!/java.sql.rowset" type="simple" />
            <root url="jrt://C:/Users/jorakuten/.jdks/corretto-11.0.13!/java.transaction.xa" type="simple" />
            <root url="jrt://C:/Users/jorakuten/.jdks/corretto-11.0.13!/java.xml" type="simple" />
            <root url="jrt://C:/Users/jorakuten/.jdks/corretto-11.0.13!/java.xml.crypto" type="simple" />
            <root url="jrt://C:/Users/jorakuten/.jdks/corretto-11.0.13!/jdk.accessibility" type="simple" />
            <root url="jrt://C:/Users/jorakuten/.jdks/corretto-11.0.13!/jdk.aot" type="simple" />
            <root url="jrt://C:/Users/jorakuten/.jdks/corretto-11.0.13!/jdk.attach" type="simple" />
            <root url="jrt://C:/Users/jorakuten/.jdks/corretto-11.0.13!/jdk.charsets" type="simple" />
            <root url="jrt://C:/Users/jorakuten/.jdks/corretto-11.0.13!/jdk.compiler" type="simple" />
            <root url="jrt://C:/Users/jorakuten/.jdks/corretto-11.0.13!/jdk.crypto.cryptoki" type="simple" />
            <root url="jrt://C:/Users/jorakuten/.jdks/corretto-11.0.13!/jdk.crypto.ec" type="simple" />
            <root url="jrt://C:/Users/jorakuten/.jdks/corretto-11.0.13!/jdk.crypto.mscapi" type="simple" />
            <root url="jrt://C:/Users/jorakuten/.jdks/corretto-11.0.13!/jdk.dynalink" type="simple" />
            <root url="jrt://C:/Users/jorakuten/.jdks/corretto-11.0.13!/jdk.editpad" type="simple" />
            <root url="jrt://C:/Users/jorakuten/.jdks/corretto-11.0.13!/jdk.hotspot.agent" type="simple" />
            <root url="jrt://C:/Users/jorakuten/.jdks/corretto-11.0.13!/jdk.httpserver" type="simple" />
            <root url="jrt://C:/Users/jorakuten/.jdks/corretto-11.0.13!/jdk.internal.ed" type="simple" />
            <root url="jrt://C:/Users/jorakuten/.jdks/corretto-11.0.13!/jdk.internal.jvmstat" type="simple" />
            <root url="jrt://C:/Users/jorakuten/.jdks/corretto-11.0.13!/jdk.internal.le" type="simple" />
            <root url="jrt://C:/Users/jorakuten/.jdks/corretto-11.0.13!/jdk.internal.opt" type="simple" />
            <root url="jrt://C:/Users/jorakuten/.jdks/corretto-11.0.13!/jdk.internal.vm.ci" type="simple" />
            <root url="jrt://C:/Users/jorakuten/.jdks/corretto-11.0.13!/jdk.internal.vm.compiler" type="simple" />
            <root url="jrt://C:/Users/jorakuten/.jdks/corretto-11.0.13!/jdk.internal.vm.compiler.management" type="simple" />
            <root url="jrt://C:/Users/jorakuten/.jdks/corretto-11.0.13!/jdk.jartool" type="simple" />
            <root url="jrt://C:/Users/jorakuten/.jdks/corretto-11.0.13!/jdk.javadoc" type="simple" />
            <root url="jrt://C:/Users/jorakuten/.jdks/corretto-11.0.13!/jdk.jcmd" type="simple" />
            <root url="jrt://C:/Users/jorakuten/.jdks/corretto-11.0.13!/jdk.jconsole" type="simple" />
            <root url="jrt://C:/Users/jorakuten/.jdks/corretto-11.0.13!/jdk.jdeps" type="simple" />
            <root url="jrt://C:/Users/jorakuten/.jdks/corretto-11.0.13!/jdk.jdi" type="simple" />
            <root url="jrt://C:/Users/jorakuten/.jdks/corretto-11.0.13!/jdk.jdwp.agent" type="simple" />
            <root url="jrt://C:/Users/jorakuten/.jdks/corretto-11.0.13!/jdk.jfr" type="simple" />
            <root url="jrt://C:/Users/jorakuten/.jdks/corretto-11.0.13!/jdk.jlink" type="simple" />
            <root url="jrt://C:/Users/jorakuten/.jdks/corretto-11.0.13!/jdk.jshell" type="simple" />
            <root url="jrt://C:/Users/jorakuten/.jdks/corretto-11.0.13!/jdk.jsobject" type="simple" />
            <root url="jrt://C:/Users/jorakuten/.jdks/corretto-11.0.13!/jdk.jstatd" type="simple" />
            <root url="jrt://C:/Users/jorakuten/.jdks/corretto-11.0.13!/jdk.localedata" type="simple" />
            <root url="jrt://C:/Users/jorakuten/.jdks/corretto-11.0.13!/jdk.management" type="simple" />
            <root url="jrt://C:/Users/jorakuten/.jdks/corretto-11.0.13!/jdk.management.agent" type="simple" />
            <root url="jrt://C:/Users/jorakuten/.jdks/corretto-11.0.13!/jdk.management.jfr" type="simple" />
            <root url="jrt://C:/Users/jorakuten/.jdks/corretto-11.0.13!/jdk.naming.dns" type="simple" />
            <root url="jrt://C:/Users/jorakuten/.jdks/corretto-11.0.13!/jdk.naming.ldap" type="simple" />
            <root url="jrt://C:/Users/jorakuten/.jdks/corretto-11.0.13!/jdk.naming.rmi" type="simple" />
            <root url="jrt://C:/Users/jorakuten/.jdks/corretto-11.0.13!/jdk.net" type="simple" />
            <root url="jrt://C:/Users/jorakuten/.jdks/corretto-11.0.13!/jdk.pack" type="simple" />
            <root url="jrt://C:/Users/jorakuten/.jdks/corretto-11.0.13!/jdk.rmic" type="simple" />
            <root url="jrt://C:/Users/jorakuten/.jdks/corretto-11.0.13!/jdk.scripting.nashorn" type="simple" />
            <root url="jrt://C:/Users/jorakuten/.jdks/corretto-11.0.13!/jdk.scripting.nashorn.shell" type="simple" />
            <root url="jrt://C:/Users/jorakuten/.jdks/corretto-11.0.13!/jdk.sctp" type="simple" />
            <root url="jrt://C:/Users/jorakuten/.jdks/corretto-11.0.13!/jdk.security.auth" type="simple" />
            <root url="jrt://C:/Users/jorakuten/.jdks/corretto-11.0.13!/jdk.security.jgss" type="simple" />
            <root url="jrt://C:/Users/jorakuten/.jdks/corretto-11.0.13!/jdk.unsupported" type="simple" />
            <root url="jrt://C:/Users/jorakuten/.jdks/corretto-11.0.13!/jdk.unsupported.desktop" type="simple" />
            <root url="jrt://C:/Users/jorakuten/.jdks/corretto-11.0.13!/jdk.xml.dom" type="simple" />
            <root url="jrt://C:/Users/jorakuten/.jdks/corretto-11.0.13!/jdk.zipfs" type="simple" />
          </root>
        </classPath>
        <javadocPath>
          <root type="composite" />
        </javadocPath>
        <sourcePath>
          <root type="composite">
            <root url="jar://$USER_HOME$/.jdks/corretto-11.0.13/lib/src.zip!/java.se" type="simple" />
            <root url="jar://$USER_HOME$/.jdks/corretto-11.0.13/lib/src.zip!/jdk.aot" type="simple" />
            <root url="jar://$USER_HOME$/.jdks/corretto-11.0.13/lib/src.zip!/jdk.jdi" type="simple" />
            <root url="jar://$USER_HOME$/.jdks/corretto-11.0.13/lib/src.zip!/jdk.jfr" type="simple" />
            <root url="jar://$USER_HOME$/.jdks/corretto-11.0.13/lib/src.zip!/jdk.net" type="simple" />
            <root url="jar://$USER_HOME$/.jdks/corretto-11.0.13/lib/src.zip!/java.rmi" type="simple" />
            <root url="jar://$USER_HOME$/.jdks/corretto-11.0.13/lib/src.zip!/java.sql" type="simple" />
            <root url="jar://$USER_HOME$/.jdks/corretto-11.0.13/lib/src.zip!/java.xml" type="simple" />
            <root url="jar://$USER_HOME$/.jdks/corretto-11.0.13/lib/src.zip!/jdk.jcmd" type="simple" />
            <root url="jar://$USER_HOME$/.jdks/corretto-11.0.13/lib/src.zip!/jdk.pack" type="simple" />
            <root url="jar://$USER_HOME$/.jdks/corretto-11.0.13/lib/src.zip!/jdk.rmic" type="simple" />
            <root url="jar://$USER_HOME$/.jdks/corretto-11.0.13/lib/src.zip!/jdk.sctp" type="simple" />
            <root url="jar://$USER_HOME$/.jdks/corretto-11.0.13/lib/src.zip!/java.base" type="simple" />
            <root url="jar://$USER_HOME$/.jdks/corretto-11.0.13/lib/src.zip!/jdk.jdeps" type="simple" />
            <root url="jar://$USER_HOME$/.jdks/corretto-11.0.13/lib/src.zip!/jdk.jlink" type="simple" />
            <root url="jar://$USER_HOME$/.jdks/corretto-11.0.13/lib/src.zip!/jdk.zipfs" type="simple" />
            <root url="jar://$USER_HOME$/.jdks/corretto-11.0.13/lib/src.zip!/java.prefs" type="simple" />
            <root url="jar://$USER_HOME$/.jdks/corretto-11.0.13/lib/src.zip!/jdk.attach" type="simple" />
            <root url="jar://$USER_HOME$/.jdks/corretto-11.0.13/lib/src.zip!/jdk.jshell" type="simple" />
            <root url="jar://$USER_HOME$/.jdks/corretto-11.0.13/lib/src.zip!/jdk.jstatd" type="simple" />
            <root url="jar://$USER_HOME$/.jdks/corretto-11.0.13/lib/src.zip!/java.naming" type="simple" />
            <root url="jar://$USER_HOME$/.jdks/corretto-11.0.13/lib/src.zip!/jdk.editpad" type="simple" />
            <root url="jar://$USER_HOME$/.jdks/corretto-11.0.13/lib/src.zip!/jdk.jartool" type="simple" />
            <root url="jar://$USER_HOME$/.jdks/corretto-11.0.13/lib/src.zip!/jdk.javadoc" type="simple" />
            <root url="jar://$USER_HOME$/.jdks/corretto-11.0.13/lib/src.zip!/jdk.xml.dom" type="simple" />
            <root url="jar://$USER_HOME$/.jdks/corretto-11.0.13/lib/src.zip!/java.desktop" type="simple" />
            <root url="jar://$USER_HOME$/.jdks/corretto-11.0.13/lib/src.zip!/java.logging" type="simple" />
            <root url="jar://$USER_HOME$/.jdks/corretto-11.0.13/lib/src.zip!/jdk.charsets" type="simple" />
            <root url="jar://$USER_HOME$/.jdks/corretto-11.0.13/lib/src.zip!/jdk.compiler" type="simple" />
            <root url="jar://$USER_HOME$/.jdks/corretto-11.0.13/lib/src.zip!/jdk.dynalink" type="simple" />
            <root url="jar://$USER_HOME$/.jdks/corretto-11.0.13/lib/src.zip!/jdk.jconsole" type="simple" />
            <root url="jar://$USER_HOME$/.jdks/corretto-11.0.13/lib/src.zip!/jdk.jsobject" type="simple" />
            <root url="jar://$USER_HOME$/.jdks/corretto-11.0.13/lib/src.zip!/java.compiler" type="simple" />
            <root url="jar://$USER_HOME$/.jdks/corretto-11.0.13/lib/src.zip!/java.net.http" type="simple" />
            <root url="jar://$USER_HOME$/.jdks/corretto-11.0.13/lib/src.zip!/jdk.crypto.ec" type="simple" />
            <root url="jar://$USER_HOME$/.jdks/corretto-11.0.13/lib/src.zip!/java.scripting" type="simple" />
            <root url="jar://$USER_HOME$/.jdks/corretto-11.0.13/lib/src.zip!/jdk.httpserver" type="simple" />
            <root url="jar://$USER_HOME$/.jdks/corretto-11.0.13/lib/src.zip!/jdk.jdwp.agent" type="simple" />
            <root url="jar://$USER_HOME$/.jdks/corretto-11.0.13/lib/src.zip!/jdk.localedata" type="simple" />
            <root url="jar://$USER_HOME$/.jdks/corretto-11.0.13/lib/src.zip!/jdk.management" type="simple" />
            <root url="jar://$USER_HOME$/.jdks/corretto-11.0.13/lib/src.zip!/jdk.naming.dns" type="simple" />
            <root url="jar://$USER_HOME$/.jdks/corretto-11.0.13/lib/src.zip!/jdk.naming.rmi" type="simple" />
            <root url="jar://$USER_HOME$/.jdks/corretto-11.0.13/lib/src.zip!/java.instrument" type="simple" />
            <root url="jar://$USER_HOME$/.jdks/corretto-11.0.13/lib/src.zip!/java.management" type="simple" />
            <root url="jar://$USER_HOME$/.jdks/corretto-11.0.13/lib/src.zip!/java.sql.rowset" type="simple" />
            <root url="jar://$USER_HOME$/.jdks/corretto-11.0.13/lib/src.zip!/java.xml.crypto" type="simple" />
            <root url="jar://$USER_HOME$/.jdks/corretto-11.0.13/lib/src.zip!/jdk.internal.ed" type="simple" />
            <root url="jar://$USER_HOME$/.jdks/corretto-11.0.13/lib/src.zip!/jdk.internal.le" type="simple" />
            <root url="jar://$USER_HOME$/.jdks/corretto-11.0.13/lib/src.zip!/jdk.naming.ldap" type="simple" />
            <root url="jar://$USER_HOME$/.jdks/corretto-11.0.13/lib/src.zip!/jdk.unsupported" type="simple" />
            <root url="jar://$USER_HOME$/.jdks/corretto-11.0.13/lib/src.zip!/java.smartcardio" type="simple" />
            <root url="jar://$USER_HOME$/.jdks/corretto-11.0.13/lib/src.zip!/jdk.internal.opt" type="simple" />
            <root url="jar://$USER_HOME$/.jdks/corretto-11.0.13/lib/src.zip!/java.datatransfer" type="simple" />
            <root url="jar://$USER_HOME$/.jdks/corretto-11.0.13/lib/src.zip!/jdk.accessibility" type="simple" />
            <root url="jar://$USER_HOME$/.jdks/corretto-11.0.13/lib/src.zip!/jdk.crypto.mscapi" type="simple" />
            <root url="jar://$USER_HOME$/.jdks/corretto-11.0.13/lib/src.zip!/jdk.hotspot.agent" type="simple" />
            <root url="jar://$USER_HOME$/.jdks/corretto-11.0.13/lib/src.zip!/jdk.security.auth" type="simple" />
            <root url="jar://$USER_HOME$/.jdks/corretto-11.0.13/lib/src.zip!/jdk.security.jgss" type="simple" />
            <root url="jar://$USER_HOME$/.jdks/corretto-11.0.13/lib/src.zip!/java.security.jgss" type="simple" />
            <root url="jar://$USER_HOME$/.jdks/corretto-11.0.13/lib/src.zip!/java.security.sasl" type="simple" />
            <root url="jar://$USER_HOME$/.jdks/corretto-11.0.13/lib/src.zip!/jdk.internal.vm.ci" type="simple" />
            <root url="jar://$USER_HOME$/.jdks/corretto-11.0.13/lib/src.zip!/jdk.management.jfr" type="simple" />
            <root url="jar://$USER_HOME$/.jdks/corretto-11.0.13/lib/src.zip!/java.management.rmi" type="simple" />
            <root url="jar://$USER_HOME$/.jdks/corretto-11.0.13/lib/src.zip!/java.transaction.xa" type="simple" />
            <root url="jar://$USER_HOME$/.jdks/corretto-11.0.13/lib/src.zip!/jdk.crypto.cryptoki" type="simple" />
            <root url="jar://$USER_HOME$/.jdks/corretto-11.0.13/lib/src.zip!/jdk.internal.jvmstat" type="simple" />
            <root url="jar://$USER_HOME$/.jdks/corretto-11.0.13/lib/src.zip!/jdk.management.agent" type="simple" />
            <root url="jar://$USER_HOME$/.jdks/corretto-11.0.13/lib/src.zip!/jdk.scripting.nashorn" type="simple" />
            <root url="jar://$USER_HOME$/.jdks/corretto-11.0.13/lib/src.zip!/jdk.unsupported.desktop" type="simple" />
            <root url="jar://$USER_HOME$/.jdks/corretto-11.0.13/lib/src.zip!/jdk.internal.vm.compiler" type="simple" />
            <root url="jar://$USER_HOME$/.jdks/corretto-11.0.13/lib/src.zip!/jdk.scripting.nashorn.shell" type="simple" />
            <root url="jar://$USER_HOME$/.jdks/corretto-11.0.13/lib/src.zip!/jdk.internal.vm.compiler.management" type="simple" />
          </root>
        </sourcePath>
      </roots>
      <additional />
    </jdk>
  </component>
</application>